{"humss":0.37115009746588695,"overall":0.30508135883528403,"_wandb":{"runtime":590},"_runtime":590,"_step":0,"applied":0.2768965517241379,"stem":0.29767676767676765,"other":0.31238095238095237,"_timestamp":1.7610301336218557e+09}