{"_wandb":{"runtime":781},"_step":0,"_timestamp":1.7610562288763912e+09,"applied":0.07043103448275861,"_runtime":781,"stem":0.08313131313131313,"humss":0.20545808966861598,"other":0.09095238095238095,"overall":0.0987153868113046}