{"humss":0.4239766081871345,"applied":0.40551724137931033,"_timestamp":1.7610486330375192e+09,"_step":0,"_runtime":692,"other":0.4222619047619048,"stem":0.43323232323232325,"_wandb":{"runtime":692},"overall":0.42006851270339707}