{"other":0.26880952380952383,"humss":0.3216374269005848,"applied":0.2550862068965517,"_timestamp":1.7610366764738448e+09,"stem":0.283030303030303,"_wandb":{"runtime":2619},"_step":0,"overall":0.27602055381101914,"_runtime":2619}