{"humss":0.4951267056530214,"_runtime":911,"other":0.45035714285714284,"_timestamp":1.7610546491776133e+09,"_step":0,"overall":0.45829289180702254,"stem":0.4768686868686869,"applied":0.43189655172413793,"_wandb":{"runtime":911}}