{"other":0.15,"humss":0.21812865497076023,"stem":0.1505050505050505,"_wandb":{"runtime":535},"applied":0.13844827586206895,"_runtime":535,"_timestamp":1.7610525244727497e+09,"_step":0,"overall":0.15629460462460748}