{"applied":0.45577586206896553,"_wandb":{"runtime":7608},"_runtime":7608,"_step":0,"overall":0.46497288038823864,"humss":0.4612085769980507,"other":0.4525,"_timestamp":1.7610479400239613e+09,"stem":0.48828282828282826}