{"other":0.5169047619047619,"_step":0,"_timestamp":1.7610322223939393e+09,"_runtime":791,"applied":0.4999137931034483,"humss":0.5555555555555556,"overall":0.5243791036254639,"_wandb":{"runtime":791},"stem":0.5432323232323232}