{"_timestamp":1.7610312101103833e+09,"_step":0,"stem":0.40595959595959596,"_wandb":{"runtime":435},"_runtime":435,"other":0.4026190476190476,"overall":0.39683128746788465,"humss":0.3567251461988304,"applied":0.4025862068965517}