{"_step":0,"humss":0.3682261208576998,"applied":0.34327586206896554,"_runtime":581,"stem":0.3698989898989899,"_timestamp":1.7610336404062734e+09,"overall":0.359434770196974,"other":0.36404761904761906,"_wandb":{"runtime":581}}