{"humss":0.5220272904483431,"_timestamp":1.7610403310977843e+09,"_step":0,"_wandb":{"runtime":2629},"_runtime":2629,"applied":0.5181896551724138,"overall":0.5401941193262918,"other":0.5519047619047619,"stem":0.5654545454545454}